,var_u,var_e,var_t,C_v_u,C_v_e,E,U,T
0,46.490960853902486,85.19913357115828,8.039212200235633,2.3344657250680316,4.278131780334387,156894.15814548355,156657.22320143922,100.10927836810555
0,182.7350854354371,351.03164456591793,33.24432824848073,2.2972534034795866,4.412992930648817,156668.2908233414,156194.76350519632,200.07385457234165
0,419.2883422899333,847.2105495453382,75.89727002126494,2.3391235393164624,4.726413637869262,151550.4158912873,150839.5814948037,300.34031702637895
0,800.7253125220617,1584.1331543623414,141.7153620563174,2.5156127703222824,4.9768198041010825,157551.1457833732,156603.90906874478,400.2245308353311
0,1175.16711987489,2379.1689385578634,215.7992076451635,2.3644116091551766,4.786838027825772,160574.12826538793,159390.4684292564,500.1175501518779
0,1708.9070569181988,3327.856512357811,293.1479564567061,2.384444137258367,4.643370110975258,154691.84469624292,153270.48403277347,600.5504078017593
0,2240.3008873947074,4486.383900872082,391.9045711686057,2.3051207670109015,4.61619095759505,156688.78899680256,155033.61012390102,699.3428748880879
