,var_u,var_e,var_t,C_v_u,C_v_e,E,U,T
0,46.49096085390245,85.19913357115884,8.039212200235658,0.8290643237836955,1.540162071379711,156894.15814548358,156657.22320143887,100.10927836810552
0,182.73508543543585,351.03164456591963,33.24432824848069,2.0033815189763855,0.36295660660651446,156668.29082334132,156194.76350519585,200.07385457234213
0,419.28834228993173,847.2105495453385,75.89727002126509,2.878404840437436,0.5119710897671024,151550.415891287,150839.58149480418,300.3403170263789
0,800.7253125220602,1584.1331543623455,141.71536205631776,2.3770080237978757,0.01037230205586312,157551.1457833733,156603.909068745,400.22453083533173
0,1175.1671198748923,2379.168938557864,215.79920764516308,11.180749787831914,13.55024067247291,160574.12826538767,159390.46842925658,500.1175501518785
0,1708.9070569181995,3327.856512357812,293.1479564567063,1.887292701667793,4.254905569829643,154691.84469624297,153270.4840327738,600.5504078017586
0,2240.3008873946933,4486.383900872077,391.90457116860586,19.27852581439268,21.644149265010928,156688.78899680258,155033.61012390087,699.3428748880895
